OPUS ID             ,Primary File Spec                         ,Target       ,Start Time              ,Phase Angle ,Duration ,Observed Ring Radius (Min) [Ring] (km) ,Observed Ring Radius (Max) [Ring] (km) ,Observed J2000 Longitude (Min) [Ring] (degrees) ,Observed J2000 Longitude (Max) [Ring] (degrees) ,Observed Resolution (Min) [Ring] (km/pixel) ,Observed Resolution (Max) [Ring] (km/pixel) ,Observed Emission Angle (Min) [Ring] (degrees) ,Observed Emission Angle (Max) [Ring] (degrees) ,Observed Incidence Angle (Min) [Ring] (degrees) ,Note
Xvg-iss-2-s-c4366744 ,VGISS_6210/DATA/C43667XX/C4366744_RAW.LBL ,Saturn Rings ,1981-08-14T21:05:35.040 ,      7.44  ,    0.96 ,                             60382.315 ,                            376396.16  ,                                        206.377 ,                                        359.524 ,                                  103.48541 ,                                  108.27144 ,                                        78.971 ,                                        79.465 ,                                         82.1   ,Ring movie to observe spokes; alternative TARGET_NAME = SATURN
Xvg-iss-2-s-c4366756 ,VGISS_6210/DATA/C43667XX/C4366756_RAW.LBL ,Saturn Rings ,1981-08-14T21:15:11.040 ,      6.532 ,    0.96 ,                             60273.857 ,                            388256.823 ,                                         34.938 ,                                        186.438 ,                                  103.38676 ,                                  108.17729 ,                                        78.966 ,                                        79.461 ,                                         82.1   ,Ring movie to observe spokes; alternative TARGET_NAME = SATURN
Xvg-iss-2-s-c4367734 ,VGISS_6210/DATA/C43677XX/C4367734_RAW.LBL ,Enceladus    ,1981-08-15T04:57:35.040 ,      6.373 ,    0.96 ,                             86095.065 ,                            454514.627 ,                                         59.008 ,                                        185.714 ,                                  101.19286 ,                                  105.88396 ,                                        79.008 ,                                        79.5   ,                                         82.096 ,

vg-iss-2-s-c4379553 ,VGISS_6211/DATA/C43795XX/C4379553_RAW.LBL ,Saturn Rings ,1981-08-19T03:36:46.040 ,      8.746 ,    0.96 ,                             87720.515 ,                            276623.613 ,                                        227.625 ,                                        347.49  ,                                   65.50291 ,                                   69.46077 ,                                        78.359 ,                                        79.031 ,                                         82.039 ,Ring imaging
vg-iss-2-s-c4380550 ,VGISS_6212/DATA/C43805XX/C4380550_RAW.LBL ,Saturn Rings ,1981-08-19T11:34:22.040 ,      8.878 ,    0.96 ,                             81517.376 ,                            247841.225 ,                                        229.893 ,                                        349.429 ,                                   62.48572 ,                                   66.23386 ,                                        78.273 ,                                        78.945 ,                                         82.034 ,Ring imaging
vg-iss-2-s-c4381036 ,VGISS_6212/DATA/C43810XX/C4381036_RAW.LBL ,Saturn Rings ,1981-08-19T15:23:10.040 ,      9.024 ,    0.96 ,                             87227.316 ,                            251202.298 ,                                        235.607 ,                                        350.581 ,                                   60.88559 ,                                   64.51459 ,                                        78.199 ,                                        78.871 ,                                         82.032 ,Ring imaging

vg-iss-2-s-c4384914 ,VGISS_6212/DATA/C43849XX/C4384914_RAW.LBL ,Saturn Rings ,1981-08-20T22:17:34.040 ,      7.379 ,    0.96 ,                            107084.148 ,                            208960.314 ,                                         63.494 ,                                        161.279 ,                                   50.03105 ,                                   52.83303 ,                                        77.965 ,                                        78.612 ,                                         82.014 ,Ring imaging
vg-iss-2-s-c4385416 ,VGISS_6212/DATA/C43854XX/C4385416_RAW.LBL ,Saturn Rings ,1981-08-21T02:19:10.040 ,     10.045 ,    0.96 ,                            101410.76  ,                            220978.242 ,                                        246.754 ,                                        345.414 ,                                   48.18168 ,                                   50.96345 ,                                        77.819 ,                                        78.493 ,                                         82.011 ,Ring imaging
vg-iss-2-s-c4385821 ,VGISS_6212/DATA/C43858XX/C4385821_RAW.LBL ,Saturn Rings ,1981-08-21T05:35:10.040 ,     10.101 ,    0.96 ,                             94526.431 ,                            204624.473 ,                                        243.562 ,                                        343.97  ,                                   47.1029  ,                                   49.81915 ,                                        77.804 ,                                        78.478 ,                                         82.01  ,Ring imaging
vg-iss-2-s-c4385825 ,VGISS_6212/DATA/C43858XX/C4385825_RAW.LBL ,Saturn Rings ,1981-08-21T05:38:22.040 ,     10.011 ,    0.96 ,                             85782.714 ,                            202108.205 ,                                        242.296 ,                                        346.708 ,                                   47.04999 ,                                   49.75995 ,                                        77.794 ,                                        78.468 ,                                         82.009 ,Ring imaging

vg-iss-2-s-c4385829 ,VGISS_6212/DATA/C43858XX/C4385829_RAW.LBL ,Saturn Rings ,1981-08-21T05:41:33.080 ,      9.851 ,    1.92 ,                             69539.315 ,                            182573.964 ,                                        235.563 ,                                        348.055 ,                                   47.15456 ,                                   49.87684 ,                                        77.826 ,                                        78.5   ,                                         82.01  ,Ring imaging
vg-iss-2-s-c4385833 ,VGISS_6212/DATA/C43858XX/C4385833_RAW.LBL ,Saturn Rings ,1981-08-21T05:44:45.080 ,      7.86  ,    1.92 ,                             75148.02  ,                            186156.104 ,                                         53.774 ,                                        165.157 ,                                   47.14523 ,                                   49.78574 ,                                        77.828 ,                                        78.483 ,                                         82.01  ,Ring imaging

Xvg-iss-2-s-c4385837 ,VGISS_6212/DATA/C43858XX/C4385837_RAW.LBL ,Saturn Rings ,1981-08-21T05:47:58.040 ,      7.673 ,    0.96 ,                             89257.639 ,                            197042.952 ,                                         62.591 ,                                        165.054 ,                                   47.33828 ,                                   49.98971 ,                                        77.883 ,                                        78.535 ,                                         82.01  ,Ring imaging
vg-iss-2-s-c4385841 ,VGISS_6212/DATA/C43858XX/C4385841_RAW.LBL ,Saturn Rings ,1981-08-21T05:51:10.040 ,      7.544 ,    0.96 ,                            102234.885 ,                            206337.658 ,                                         66.275 ,                                        162.408 ,                                   47.35019 ,                                   49.9907  ,                                        77.89  ,                                        78.539 ,                                         82.01  ,Ring imaging
Xvg-iss-2-s-c4385938 ,VGISS_6212/DATA/C43859XX/C4385938_RAW.LBL ,Saturn Rings ,1981-08-21T06:36:46.040 ,      9.749 ,    0.96 ,                             87089.47  ,                            293001.913 ,                                        220.359 ,                                        311.572 ,                                   47.86945 ,                                   50.70028 ,                                        78.085 ,                                        78.759 ,                                         82.01  ,4 mosaics of rings
vg-iss-2-s-c4385955 ,VGISS_6212/DATA/C43859XX/C4385955_RAW.LBL ,Saturn Rings ,1981-08-21T06:50:22.040 ,     10.215 ,    0.96 ,                            117008.557 ,                            260533.878 ,                                        233.138 ,                                        323.052 ,                                   47.33822 ,                                   50.10937 ,                                        77.968 ,                                        78.642 ,                                         82.009 ,4 mosaics of rings

vg-iss-2-s-c4386001 ,VGISS_6212/DATA/C43860XX/C4386001_RAW.LBL ,Saturn Rings ,1981-08-21T06:55:10.040 ,     10.07  ,    0.96 ,                             87852.904 ,                            205141.387 ,                                        244.097 ,                                        347.105 ,                                   46.53903 ,                                   49.21255 ,                                        10.705 ,                                        77.765 ,                                         78.439 ,82.009                                                         ,4 mosaics of rings
vg-iss-2-s-c4386043 ,VGISS_6212/DATA/C43860XX/C4386043_RAW.LBL ,Saturn Rings ,1981-08-21T07:28:46.040 ,      8.247 ,    0.96 ,                             60285.111 ,                            241186.759 ,                                         38.194 ,                                        145.862 ,                                   45.8142  ,                                   48.32908 ,                                         8.897 ,                                        77.615 ,                                         78.269 ,82.008                                                         ,4 mosaics of rings
vg-iss-2-s-c4386108 ,VGISS_6212/DATA/C43861XX/C4386108_RAW.LBL ,Saturn Rings ,1981-08-21T07:48:46.040 ,      7.996 ,    0.96 ,                             60358.727 ,                            202609.101 ,                                         59.732 ,                                        175.997 ,                                   46.7846  ,                                   49.4382  ,                                         8.623 ,                                        77.904 ,                                         78.562 ,82.009                                                         ,4 mosaics of rings
vg-iss-2-s-c4386114 ,VGISS_6212/DATA/C43861XX/C4386114_RAW.LBL ,Saturn Rings ,1981-08-21T07:53:34.040 ,      7.933 ,    0.96 ,                             65055.105 ,                            225001.704 ,                                         67.068 ,                                        177.131 ,                                   46.937   ,                                   49.6104  ,                                         8.567 ,                                        77.95  ,                                         78.609 ,82.009                                                         ,4 mosaics of rings
vg-iss-2-s-c4386120 ,VGISS_6212/DATA/C43861XX/C4386120_RAW.LBL ,Saturn Rings ,1981-08-21T07:58:22.040 ,      8.049 ,    0.96 ,                             78080.588 ,                            239646.344 ,                                         43.552 ,                                        143.845 ,                                   45.71746 ,                                   48.23125 ,                                         8.701 ,                                        77.631 ,                                         78.285 ,82.008                                                         ,4 mosaics of rings
vg-iss-2-s-c4386138 ,VGISS_6212/DATA/C43861XX/C4386138_RAW.LBL ,Saturn Rings ,1981-08-21T08:12:46.040 ,      7.75  ,    0.96 ,                             83431.752 ,                            237229.752 ,                                         74.496 ,                                        173.516 ,                                   46.88374 ,                                   49.53875 ,                                         8.406 ,                                        77.963 ,                                         78.617 ,82.009                                                         ,4 mosaics of rings
vg-iss-2-s-c4386144 ,VGISS_6212/DATA/C43861XX/C4386144_RAW.LBL ,Saturn Rings ,1981-08-21T08:17:34.040 ,      7.939 ,    0.96 ,                            100758.754 ,                            285080.804 ,                                         43.164 ,                                        114.681 ,                                   45.21745 ,                                   47.66086 ,                                         8.592 ,                                        77.519 ,                                         78.168 ,82.008                                                         ,4 mosaics of rings
vg-iss-2-s-c4386150 ,VGISS_6212/DATA/C43861XX/C4386150_RAW.LBL ,Saturn Rings ,1981-08-21T08:22:22.040 ,      7.845 ,    0.96 ,                            100111.3   ,                            250406.302 ,                                         48.004 ,                                        136.361 ,                                   45.55892 ,                                   48.04247 ,                                         8.5   ,                                        77.621 ,                                         78.27  ,82.008                                                         ,4 mosaics of rings
vg-iss-2-s-c4386156 ,VGISS_6212/DATA/C43861XX/C4386156_RAW.LBL ,Saturn Rings ,1981-08-21T08:27:10.040 ,      7.704 ,    0.96 ,                             99581.321 ,                            203578.587 ,                                         58.271 ,                                        156.042 ,                                   46.08433 ,                                   48.62983 ,                                         8.36  ,                                        77.771 ,                                         78.42  ,82.008                                                         ,4 mosaics of rings
vg-iss-2-s-c4386202 ,VGISS_6212/DATA/C43862XX/C4386202_RAW.LBL ,Saturn Rings ,1981-08-21T08:31:58.040 ,      7.623 ,    0.96 ,                            101524.934 ,                            195505.348 ,                                         64.787 ,                                        160.803 ,                                   46.29867 ,                                   48.87077 ,                                         8.28  ,                                        77.835 ,                                         78.484 ,82.008                                                         ,4 mosaics of rings
vg-iss-2-s-c4386444 ,VGISS_6212/DATA/C43864XX/C4386444_RAW.LBL ,Saturn Rings ,1981-08-21T10:41:34.040 ,     10.258 ,    0.96 ,                             91623.65  ,                            188833.836 ,                                        241.823 ,                                        341.566 ,                                   45.34042 ,                                   47.94496 ,                                        10.891 ,                                        77.759 ,                                         78.433 ,82.007                                                         ,Ring imaging PRA + PWS
vg-iss-2-s-c4386448 ,VGISS_6212/DATA/C43864XX/C4386448_RAW.LBL ,Saturn Rings ,1981-08-21T10:44:46.040 ,     10.175 ,    0.96 ,                             84282.971 ,                            187953.522 ,                                        238.859 ,                                        342.211 ,                                   45.37458 ,                                   47.98343 ,                                        10.81  ,                                        77.773 ,                                         78.447 ,82.007                                                         ,Ring imaging PRA + PWS
vg-iss-2-s-c4386500 ,VGISS_6212/DATA/C43865XX/C4386500_RAW.LBL ,Saturn Rings ,1981-08-21T10:54:22.040 ,      7.804 ,    0.96 ,                             89342.105 ,                            182395.018 ,                                         61.624 ,                                        162.717 ,                                   45.39207 ,                                   47.91387 ,                                         8.459 ,                                        77.791 ,                                         78.443 ,82.007                                                         ,Ring imaging PRA + PWS
vg-iss-2-s-c4386504 ,VGISS_6212/DATA/C43865XX/C4386504_RAW.LBL ,Saturn Rings ,1981-08-21T10:57:34.040 ,      7.6   ,    0.96 ,                            105794.028 ,                            208394.434 ,                                         69.896 ,                                        161.623 ,                                   45.53694 ,                                   48.06335 ,                                         8.257 ,                                        77.835 ,                                         78.484 ,82.007                                                         ,Ring imaging PRA + PWS

vg-iss-2-s-c4391239 ,VGISS_6213/DATA/C43912XX/C4391239_RAW.LBL ,Pandora      ,1981-08-23T01:01:34.040 ,      8.788 ,    0.96 ,                            107684.907 ,                            190908.266 ,                                         93.32  ,                                        161.359 ,                                   31.70506 ,                                   33.39268 ,                                         9.434 ,                                        77.169 ,                                         77.828 ,81.985                                                         ,
vg-iss-2-s-c4391624 ,VGISS_6213/DATA/C43916XX/C4391624_RAW.LBL ,Saturn Rings ,1981-08-23T04:01:34.040 ,     12.476 ,    0.96 ,                            112815.524 ,                            239069.468 ,                                        230.119 ,                                        281.021 ,                                   31.10024 ,                                   32.81098 ,                                        13.093 ,                                        77.304 ,                                         77.976 ,81.983                                                         ,F ring optical navigation
vg-iss-2-s-c4391632 ,VGISS_6213/DATA/C43916XX/C4391632_RAW.LBL ,Saturn Rings ,1981-08-23T04:07:58.040 ,      9.473 ,    0.96 ,                             83905.351 ,                            202681.225 ,                                        118.571 ,                                        176.399 ,                                   30.95467 ,                                   32.51874 ,                                        10.033 ,                                        77.257 ,                                         77.879 ,81.983                                                         ,F ring optical navigation
vg-iss-2-s-c4391644 ,VGISS_6213/DATA/C43916XX/C4391644_RAW.LBL ,Saturn Rings ,1981-08-23T04:17:34.040 ,     11.958 ,    0.96 ,                             70777.917 ,                            200307.033 ,                                        223.673 ,                                        292.297 ,                                   30.79206 ,                                   32.47679 ,                                        12.551 ,                                        77.209 ,                                         77.883 ,81.983                                                         ,Search for embedded moonlets in physical ring plane
vg-iss-2-s-c4391656 ,VGISS_6213/DATA/C43916XX/C4391656_RAW.LBL ,Saturn Rings ,1981-08-23T04:27:10.040 ,     12.869 ,    0.96 ,                            102166.822 ,                            152751.521 ,                                        255.739 ,                                        327.59  ,                                   29.96892 ,                                   31.56022 ,                                        13.483 ,                                        76.873 ,                                         77.546 ,81.982                                                         ,Search for embedded moonlets in physical ring plane
vg-iss-2-s-c4391752 ,VGISS_6213/DATA/C43917XX/C4391752_RAW.LBL ,Saturn Rings ,1981-08-23T05:11:58.040 ,      8.942 ,    0.96 ,                            110902.396 ,                            161598.506 ,                                         82.221 ,                                        148.766 ,                                   29.79524 ,                                   31.34059 ,                                         9.586 ,                                        76.897 ,                                         77.553 ,81.982                                                         ,Search for embedded moonlets in physical ring plane
vg-iss-2-s-c4391756 ,VGISS_6213/DATA/C43917XX/C4391756_RAW.LBL ,Saturn Rings ,1981-08-23T05:15:10.040 ,      9.119 ,    0.96 ,                            100795.295 ,                            181606.509 ,                                         94.748 ,                                        162.83  ,                                   30.119   ,                                   31.71231 ,                                         9.763 ,                                        77.047 ,                                         77.708 ,81.982                                                         ,Search for embedded moonlets in physical ring plane
vg-iss-2-s-c4391800 ,VGISS_6213/DATA/C43918XX/C4391800_RAW.LBL ,Saturn Rings ,1981-08-23T05:18:22.040 ,      9.437 ,    0.96 ,                             83201.519 ,                            176969.59  ,                                         95.353 ,                                        170.125 ,                                   30.16094 ,                                   31.7706  ,                                        10.079 ,                                        77.073 ,                                         77.738 ,81.982                                                         ,Search for embedded moonlets in physical ring plane
vg-iss-2-s-c4391804 ,VGISS_6213/DATA/C43918XX/C4391804_RAW.LBL ,Saturn Rings ,1981-08-23T05:21:34.040 ,      9.673 ,    0.96 ,                             75718.527 ,                            176684.199 ,                                        119.653 ,                                        173.351 ,                                   30.48032 ,                                   31.79113 ,                                        10.178 ,                                        77.217 ,                                         77.753 ,81.982                                                         ,Search for embedded moonlets in physical ring plane
vg-iss-2-s-c4391923 ,VGISS_6213/DATA/C43919XX/C4391923_RAW.LBL ,Saturn Rings ,1981-08-23T06:24:46.040 ,      8.972 ,    0.96 ,                            114844.006 ,                            193836.239 ,                                         99.915 ,                                        160.937 ,                                   29.74822 ,                                   31.31384 ,                                         9.618 ,                                        77.04  ,                                         77.699 ,81.981                                                         ,F ring optical navigation

vg-iss-2-s-c4393003 ,VGISS_6213/DATA/C43930XX/C4393003_RAW.LBL ,Saturn Rings ,1981-08-23T14:56:46.040 ,     13.428 ,    0.96 ,                            111974     ,                            230506.436 ,                                        343.305 ,                                          5.406 ,                                   24.67087 ,                                   25.87013 ,                                        14.038 ,                                        75.732 ,                                         76.406 ,81.975                                                         ,F ring optical navigation
vg-iss-2-s-c4393227 ,VGISS_6213/DATA/C43932XX/C4393227_RAW.LBL ,Saturn Rings ,1981-08-23T16:51:58.040 ,     14.443 ,    0.96 ,                            112966.476 ,                            148264.046 ,                                        264.389 ,                                        322.157 ,                                   25.26752 ,                                   26.55032 ,                                        15.045 ,                                        76.389 ,                                         77.058 ,81.975                                                         ,A ring composition study

vg-iss-2-s-c4393811 ,VGISS_6213/DATA/C43938XX/C4393811_RAW.LBL ,System       ,1981-08-23T21:27:05.240 ,     10.349 ,    5.76 ,                            109165.226 ,                            215166.693 ,                                        139.492 ,                                        175.655 ,                                   24.53533 ,                                   25.81907 ,                                        10.983 ,                                        76.749 ,                                         77.419 ,81.973                                                         ,Search for satellites within orbit of Mimas; alternative TARGET_NAME = S_RINGS
vg-iss-2-s-c4393815 ,VGISS_6213/DATA/C43938XX/C4393815_RAW.LBL ,System       ,1981-08-23T21:30:17.240 ,     10.093 ,    5.76 ,                            118304.993 ,                            210398.803 ,                                        131.066 ,                                        170.373 ,                                   24.41119 ,                                   25.67708 ,                                        10.73  ,                                        76.689 ,                                         77.357 ,81.973                                                         ,Search for satellites within orbit of Mimas; alternative TARGET_NAME = S_RINGS
vg-iss-2-s-c4393819 ,VGISS_6213/DATA/C43938XX/C4393819_RAW.LBL ,System       ,1981-08-23T21:33:29.240 ,      9.888 ,    5.76 ,                            124598.217 ,                            196769.687 ,                                        119.154 ,                                        163.058 ,                                   24.18713 ,                                   25.42331 ,                                        10.526 ,                                        76.573 ,                                         77.237 ,81.973                                                         ,Search for satellites within orbit of Mimas; alternative TARGET_NAME = S_RINGS

vg-iss-2-s-c4393851 ,VGISS_6213/DATA/C43938XX/C4393851_RAW.LBL ,System       ,1981-08-23T21:59:05.240 ,     14.277 ,    5.76 ,                            102602.046 ,                            204894.287 ,                                        342.15  ,                                          4.605 ,                                   22.13828 ,                                   23.18561 ,                                        14.879 ,                                        75.384 ,                                         76.058 ,81.971                                                         ,Search for satellites within orbit of Mimas; alternative TARGET_NAME = S_RINGS
vg-iss-2-s-c4393855 ,VGISS_6213/DATA/C43938XX/C4393855_RAW.LBL ,System       ,1981-08-23T22:02:17.240 ,     14.533 ,    5.76 ,                            101012.801 ,                            194772.432 ,                                        329.453 ,                                        359.182 ,                                   22.267   ,                                   23.32686 ,                                        15.135 ,                                        75.481 ,                                         76.154 ,81.971                                                         ,Search for satellites within orbit of Mimas; alternative TARGET_NAME = S_RINGS
vg-iss-2-s-c4393859 ,VGISS_6213/DATA/C43938XX/C4393859_RAW.LBL ,System       ,1981-08-23T22:05:29.240 ,     14.787 ,    5.76 ,                            102161.004 ,                            180309.152 ,                                        312.338 ,                                        351.703 ,                                   22.46738 ,                                   23.54643 ,                                        15.387 ,                                        75.623 ,                                         76.295 ,81.971                                                         ,Search for satellites within orbit of Mimas; alternative TARGET_NAME = S_RINGS
vg-iss-2-s-c4393903 ,VGISS_6213/DATA/C43939XX/C4393903_RAW.LBL ,System       ,1981-08-23T22:08:41.240 ,     15.101 ,    5.76 ,                            114248.188 ,                            178550.249 ,                                        302.798 ,                                        345.003 ,                                   22.573   ,                                   23.66111 ,                                        15.699 ,                                        75.701 ,                                         76.372 ,81.971                                                         ,Search for satellites within orbit of Mimas; alternative TARGET_NAME = S_RINGS
vg-iss-2-s-c4393907 ,VGISS_6213/DATA/C43939XX/C4393907_RAW.LBL ,System       ,1981-08-23T22:11:53.240 ,     15.37  ,    5.76 ,                            124705.815 ,                            176870.249 ,                                        294.573 ,                                        338.353 ,                                   22.69215 ,                                   23.79057 ,                                        15.966 ,                                        75.788 ,                                         76.457 ,81.971                                                         ,Search for satellites within orbit of Mimas; alternative TARGET_NAME = S_RINGS
vg-iss-2-s-c4393919 ,VGISS_6213/DATA/C43939XX/C4393919_RAW.LBL ,System       ,1981-08-23T22:21:29.240 ,     15.51  ,    5.76 ,                            125278.133 ,                            155691.604 ,                                        272.012 ,                                        320.912 ,                                   23.11072 ,                                   24.25093 ,                                        16.106 ,                                        76.08  ,                                         76.746 ,81.971                                                         ,Search for satellites within orbit of Mimas; alternative TARGET_NAME = S_RINGS

vg-iss-2-s-c4394046 ,VGISS_6213/DATA/C43940XX/C4394046_RAW.LBL ,System       ,1981-08-23T23:31:05.240 ,     11.13  ,    5.76 ,                            128443.804 ,                            219919.6   ,                                         48.713 ,                                         69.928 ,                                   21.49987 ,                                   22.48808 ,                                        11.755 ,                                        75.24  ,                                         75.902 ,81.97                                                          ,Search for satellites within orbit of Mimas; alternative TARGET_NAME = S_RINGS
vg-iss-2-s-c4394050 ,VGISS_6213/DATA/C43940XX/C4394050_RAW.LBL ,System       ,1981-08-23T23:34:17.240 ,     11.508 ,    5.76 ,                            132210.623 ,                            230008.614 ,                                         43.289 ,                                         59.168 ,                                   21.31703 ,                                   22.29224 ,                                        12.129 ,                                        75.121 ,                                         75.786 ,81.97                                                          ,Search for satellites within orbit of Mimas; alternative TARGET_NAME = S_RINGS
vg-iss-2-s-c4394054 ,VGISS_6213/DATA/C43940XX/C4394054_RAW.LBL ,System       ,1981-08-23T23:37:29.240 ,     11.788 ,    5.76 ,                            124557.259 ,                            225644.13  ,                                         39.945 ,                                         54.308 ,                                   21.29402 ,                                   22.27111 ,                                        12.408 ,                                        75.115 ,                                         75.782 ,81.97                                                          ,Search for satellites within orbit of Mimas; alternative TARGET_NAME = S_RINGS
vg-iss-2-s-c4394058 ,VGISS_6213/DATA/C43940XX/C4394058_RAW.LBL ,System       ,1981-08-23T23:40:41.240 ,     12.073 ,    5.76 ,                            118315.778 ,                            222349.82  ,                                         35.83  ,                                         48.734 ,                                   21.26833 ,                                   22.2464  ,                                        12.692 ,                                        75.107 ,                                         75.776 ,81.97                                                          ,Search for satellites within orbit of Mimas; alternative TARGET_NAME = S_RINGS

vg-iss-2-s-c4393911 ,VGISS_6213/DATA/C43939XX/C4393911_RAW.LBL ,System       ,1981-08-23T22:14:55.640 ,     15.624 ,   15.36 ,                            133019.307 ,                            169091.784 ,                                        280.766 ,                                        326.723 ,                                   22.9667  ,                                   24.09045 ,                                        16.219 ,                                        75.971 ,                                         76.638 ,81.971                                                         ,Search for satellites within orbit of Mimas; alternative TARGET_NAME = S_RINGS

vg-iss-2-s-c4396654 ,VGISS_6213/DATA/C43966XX/C4396654_RAW.LBL ,Mimas        ,1981-08-24T20:23:09.560 ,     18.317 ,    1.44 ,                             81152.463 ,                            521737.589 ,                                        220.707 ,                                        331.49  ,                                  105.83385 ,                                  145.00605 ,                                        22.265 ,                                        73.84  ,                                         78.28  ,81.958                                                         ,Longitude coverage

vg-iss-2-s-c4396755 ,VGISS_6213/DATA/C43967XX/C4396755_RAW.LBL ,Enceladus    ,1981-08-24T21:11:58.910 ,     11.241 ,    0.09 ,                             86909.315 ,                            583887.67  ,                                         93.702 ,                                        194.765 ,                                  105.48031 ,                                  146.64928 ,                                        14.729 ,                                        74.049 ,                                         78.6   ,81.958                                                         ,Longitude coverage

vg-iss-2-s-c4397012 ,VGISS_6213/DATA/C43970XX/C4397012_RAW.LBL ,Saturn Rings ,1981-08-24T23:03:58.040 ,     22.756 ,    0.96 ,                            131752.162 ,                            151480.435 ,                                        280.355 ,                                        305.651 ,                                   13.60469 ,                                   14.17362 ,                                        23.339 ,                                        74.054 ,                                         74.711 ,81.957                                                         ,VRDYN ring dynamics
vg-iss-2-s-c4397016 ,VGISS_6213/DATA/C43970XX/C4397016_RAW.LBL ,Saturn Rings ,1981-08-24T23:07:10.040 ,     22.922 ,    0.96 ,                            132189.545 ,                            148488.839 ,                                        293.08  ,                                        317.718 ,                                   13.31083 ,                                   13.85602 ,                                        23.504 ,                                        73.711 ,                                         74.369 ,81.957                                                         ,VRDYN ring dynamics

vg-iss-2-s-c4397020 ,VGISS_6213/DATA/C43970XX/C4397020_RAW.LBL ,Saturn Rings ,1981-08-24T23:10:22.040 ,     13.685 ,    0.96 ,                            125828.688 ,                            174987.217 ,                                        146.916 ,                                        167.41  ,                                   14.23955 ,                                   14.88442 ,                                        14.304 ,                                        74.818 ,                                         75.49  ,81.958                                                         ,VRDYN ring dynamics
vg-iss-2-s-c4397024 ,VGISS_6213/DATA/C43970XX/C4397024_RAW.LBL ,Saturn Rings ,1981-08-24T23:13:34.040 ,     13.577 ,    0.96 ,                            123514.107 ,                            165477.803 ,                                        139.404 ,                                        162.243 ,                                   14.07982 ,                                   14.70923 ,                                        14.196 ,                                        74.659 ,                                         75.331 ,81.958                                                         ,VRDYN ring dynamics
vg-iss-2-s-c4397028 ,VGISS_6213/DATA/C43970XX/C4397028_RAW.LBL ,Saturn Rings ,1981-08-24T23:16:46.040 ,     12.909 ,    0.96 ,                            133696.298 ,                            152916.26  ,                                        110.974 ,                                        135.98  ,                                   13.52296 ,                                   14.09418 ,                                        13.527 ,                                        74.029 ,                                         74.693 ,81.957                                                         ,VRDYN ring dynamics
vg-iss-2-s-c4397032 ,VGISS_6213/DATA/C43970XX/C4397032_RAW.LBL ,Saturn Rings ,1981-08-24T23:19:58.040 ,     13.162 ,    0.96 ,                            130207.167 ,                            146962.542 ,                                         99.812 ,                                        124.872 ,                                   13.25377 ,                                   13.80096 ,                                        13.779 ,                                        73.715 ,                                         74.377 ,81.957                                                         ,VRDYN ring dynamics
----
vg-iss-2-s-c4397801 ,VGISS_6213/DATA/C43978XX/C4397801_RAW.LBL ,Saturn Rings ,1981-08-25T05:19:10.040 ,     26.827 ,    0.96 ,                            132187.47  ,                            147592.048 ,                                        290.057 ,                                        309.183 ,                                   10.9502  ,                                   11.36621 ,                                        27.398 ,                                        72.816 ,                                         73.463 ,81.953                                                         ,3 F ring 'pseudo-rocks' (clumps)
vg-iss-2-s-c4397805 ,VGISS_6213/DATA/C43978XX/C4397805_RAW.LBL ,Saturn Rings ,1981-08-25T05:22:22.040 ,     26.946 ,    0.96 ,                            131819.444 ,                            145214.391 ,                                        298.173 ,                                        316.867 ,                                   10.76038 ,                                   11.16262 ,                                        72.528 ,                                        73.176 ,                                         81.953 ,3 F ring 'pseudo-rocks' (clumps)
vg-iss-2-s-c4397809 ,VGISS_6213/DATA/C43978XX/C4397809_RAW.LBL ,Saturn Rings ,1981-08-25T05:25:34.040 ,     25.144 ,    0.96 ,                            127938.942 ,                            159517.662 ,                                        257.01  ,                                        274.122 ,                                   11.5681  ,                                   12.03779 ,                                        73.806 ,                                        74.454 ,                                         81.954 ,3 F ring 'pseudo-rocks' (clumps)
Xvg-iss-2-s-c4397813 ,VGISS_6213/DATA/C43978XX/C4397813_RAW.LBL ,Saturn Rings ,1981-08-25T05:28:46.040 ,     25.318 ,    0.96 ,                            129098.18  ,                            159373.792 ,                                        258.513 ,                                        275.75  ,                                   11.5234  ,                                   11.98967 ,                                        73.764 ,                                        74.412 ,                                         81.954 ,3 F ring 'pseudo-rocks' (clumps)

vg-iss-2-s-c4397817 ,VGISS_6213/DATA/C43978XX/C4397817_RAW.LBL ,Saturn Rings ,1981-08-25T05:31:58.040 ,     15.705 ,    0.96 ,                            130393.35  ,                            147451.499 ,                                         85.909 ,                                        102.191 ,                                   10.27969 ,                                   10.65608 ,                                        71.76  ,                                        72.426 ,                                         81.953 ,3 F ring 'pseudo-rocks' (clumps)
vg-iss-2-s-c4397821 ,VGISS_6213/DATA/C43978XX/C4397821_RAW.LBL ,Saturn Rings ,1981-08-25T05:35:10.040 ,     15.469 ,    0.96 ,                            135958.441 ,                            151978.686 ,                                         87.518 ,                                        103.353 ,                                   10.27077 ,                                   10.64619 ,                                        71.77  ,                                        72.434 ,                                         81.953 ,3 F ring 'pseudo-rocks' (clumps)

vg-iss-2-s-c4398926 ,VGISS_6213/DATA/C43989XX/C4398926_RAW.LBL ,Saturn Rings ,1981-08-25T14:27:10.040 ,     38.582 ,    0.96 ,                            136290.632 ,                            146902.323 ,                                        301.537 ,                                        311.652 ,                                    7.07664 ,                                    7.29322 ,                                        69.967 ,                                        70.586 ,                                         81.948 ,2 F ring pseudo-rocks; PPS scan across Cassini Division
vg-iss-2-s-c4398930 ,VGISS_6213/DATA/C43989XX/C4398930_RAW.LBL ,Saturn Rings ,1981-08-25T14:30:22.040 ,     38.804 ,    0.96 ,                            135157.313 ,                            144814.72  ,                                        306.546 ,                                        316.491 ,                                    6.9512  ,                                    7.16047 ,                                        69.635 ,                                        70.255 ,                                         81.948 ,2 F ring pseudo-rocks; PPS scan across Cassini Division
vg-iss-2-s-c4398934 ,VGISS_6213/DATA/C43989XX/C4398934_RAW.LBL ,Saturn Rings ,1981-08-25T14:33:34.040 ,     39.066 ,    0.96 ,                            135776.858 ,                            144678.834 ,                                        310.673 ,                                        320.318 ,                                    6.84768 ,                                    7.05101 ,                                        69.36  ,                                        69.981 ,                                         81.948 ,2 F ring pseudo-rocks; PPS scan across Cassini Division

vg-iss-2-s-c4399002 ,VGISS_6213/DATA/C43990XX/C4399002_RAW.LBL ,Saturn Rings ,1981-08-25T14:55:58.040 ,     19.631 ,    0.96 ,                            136781.281 ,                            147031.614 ,                                        135.449 ,                                        145.772 ,                                    7.04292 ,                                    7.28225 ,                                        70.274 ,                                        70.948 ,                                         81.948 ,2 F ring pseudo-rocks; PPS scan across Cassini Division
vg-iss-2-s-c4399006 ,VGISS_6213/DATA/C43990XX/C4399006_RAW.LBL ,Saturn Rings ,1981-08-25T14:59:10.040 ,     19.558 ,    0.96 ,                            137647.849 ,                            147121.928 ,                                        132.892 ,                                        143.128 ,                                    6.96934 ,                                    7.20374 ,                                        70.103 ,                                        70.776 ,                                         81.948 ,2 F ring pseudo-rocks; PPS scan across Cassini Division
vg-iss-2-s-c4399010 ,VGISS_6213/DATA/C43990XX/C4399010_RAW.LBL ,Saturn Rings ,1981-08-25T15:02:22.040 ,     19.638 ,    0.96 ,                            136140.727 ,                            145167.643 ,                                        128.927 ,                                        139.184 ,                                    6.86171 ,                                    7.08875 ,                                        69.824 ,                                        70.497 ,                                         81.948 ,2 F ring pseudo-rocks; PPS scan across Cassini Division

vg-iss-2-s-c4399339 ,VGISS_6213/DATA/C43993XX/C4399339_RAW.LBL ,Saturn Rings ,1981-08-25T17:47:10.520 ,     46.624 ,    0.48 ,                            123755.89  ,                            166350.779 ,                                        304.392 ,                                        346.1   ,                                   36.88524 ,                                   43.65434 ,                                        65.085 ,                                        69.149 ,                                         81.945 ,Radial scan across illuminated west ansa

vg-iss-2-s-c4399342 ,VGISS_6213/DATA/C43993XX/C4399342_RAW.LBL ,Saturn Rings ,1981-08-25T17:51:58.280 ,     48.222 ,    0.72 ,                            136648.983 ,                            142924.643 ,                                        324.593 ,                                        330.981 ,                                    5.25762 ,                                    5.38968 ,                                        66.785 ,                                        67.386 ,                                         81.946 ,Radial scan across illuminated west ansa

vg-iss-2-s-c4399915 ,VGISS_6213/DATA/C43999XX/C4399915_RAW.LBL ,Saturn Rings ,1981-08-25T22:18:22.280 ,     48.194 ,    0.72 ,                            118118.073 ,                            145619.451 ,                                         70.77  ,                                         78.088 ,                                   16.67858 ,                                   18.29176 ,                                        47.402 ,                                        51.891 ,                                         81.943 ,"A, B rings Encke Gap"

vg-iss-2-s-c4399832 ,VGISS_6213/DATA/C43998XX/C4399832_RAW.LBL ,Saturn Rings ,1981-08-25T21:41:34.040 ,     28.351 ,    0.96 ,                            124879.589 ,                            154068.14  ,                                        114.455 ,                                        139.587 ,                                   23.60879 ,                                   27.39565 ,                                        59.575 ,                                        64.125 ,                                         81.944 ,F ring; density waves; alternative TARGET_NAME = PROMETHEUS

vg-iss-2-s-c4399903 ,VGISS_6213/DATA/C43999XX/C4399903_RAW.LBL ,Saturn Rings ,1981-08-25T22:08:46.280 ,     68.26  ,    0.72 ,                            118546.835 ,                            145865.307 ,                                         12.28  ,                                         25.37  ,                                   19.63693 ,                                   21.64605 ,                                        54.272 ,                                        58.012 ,                                         81.943 ,"A, B rings Encke Gap"

vg-iss-2-s-c4399922 ,VGISS_6213/DATA/C43999XX/C4399922_RAW.LBL ,Saturn Rings ,1981-08-25T22:21:34.520 ,     30.493 ,    0.48 ,                            118606.545 ,                            147377.251 ,                                        133.405 ,                                        160.005 ,                                   23.53043 ,                                   27.6415  ,                                        61.497 ,                                        66.032 ,                                         81.944 ,"A, B rings Encke Gap"

Xvg-iss-2-s-c4400509 ,VGISS_6214/DATA/C44005XX/C4400509_RAW.LBL ,Saturn Rings ,1981-08-26T03:01:33.560 ,     94.005 ,    1.44 ,                            139706.851 ,                            140346.236 ,                                        142.91  ,                                        143.161 ,                                    0.48115 ,                                    0.48289 ,                                        16.74  ,                                        17.414 ,                                         81.941 ,S13 and F ring; spokes region @~150 phase; A ring edge

Xvg-iss-2-s-c4400508 ,VGISS_6214/DATA/C44005XX/C4400508_RAW.LBL ,Saturn Rings ,1981-08-26T03:00:39.320 ,     92.261 ,    7.68 ,                            137876.752 ,                            142227.326 ,                                        141.813 ,                                        143.515 ,                                    3.59115 ,                                    3.67862 ,                                        14.566 ,                                        19.119 ,                                         81.941 ,S13 and F ring; spokes region @~150 phase; A ring edge
Xvg-iss-2-s-c4400510 ,VGISS_6214/DATA/C44005XX/C4400510_RAW.LBL ,Saturn Rings ,1981-08-26T03:02:15.320 ,     91.35  ,    7.68 ,                            137772.958 ,                            142068.938 ,                                        143.303 ,                                        144.983 ,                                    3.52974 ,                                    3.61759 ,                                        15.053 ,                                        19.57  ,                                         81.941 ,S13 and F ring; spokes region @~150 phase; A ring edge
Xvg-iss-2-s-c4400512 ,VGISS_6214/DATA/C44005XX/C4400512_RAW.LBL ,Saturn Rings ,1981-08-26T03:03:51.320 ,     92.006 ,    7.68 ,                            137849.481 ,                            142078.14  ,                                        143.954 ,                                        145.604 ,                                    3.46478 ,                                    3.55299 ,                                        15.347 ,                                        19.881 ,                                         81.941 ,S13 and F ring; spokes region @~150 phase; A ring edge

Xvg-iss-2-s-c4400643 ,VGISS_6214/DATA/C44006XX/C4400643_RAW.LBL ,Saturn Rings ,1981-08-26T04:16:45.080 ,    152.988 ,    1.92 ,                            101622.568 ,                           2983051.776 ,                                         35.896 ,                                        168.754 ,                                    2.38658 ,                                  215.1946  ,                                        88.3   ,                                        89.982 ,                                         81.925 ,Ring plane crossing

vg-iss-2-s-c4400649 ,VGISS_6214/DATA/C44006XX/C4400649_RAW.LBL ,Saturn Rings ,1981-08-26T04:21:34.640 ,    135.924 ,    0.36 ,                            137610.652 ,                           3048573.611 ,                                         54.429 ,                                        160.954 ,                                    3.97477 ,                                  217.68571 ,                                        90.041 ,                                        92.19  ,                                         81.928 ,Ring plane crossing

Xvg-iss-2-s-c4409540 ,VGISS_6214/DATA/C44095XX/C4409540_RAW.LBL ,Saturn       ,1981-08-29T03:26:17.240 ,     95.656 ,    5.76 ,                             60290.192 ,                            300818.533 ,                                        259.201 ,                                        102.6   ,                                  216.92108 ,                                  243.21654 ,                                       117.667 ,                                       121.374 ,                                         81.897 ,

Xvg-iss-2-s-c4410636 ,VGISS_6214/DATA/C44106XX/C4410636_RAW.LBL ,Saturn Rings ,1981-08-29T12:11:10.280 ,     97.105 ,    0.72 ,                            109248.921 ,                            166715.326 ,                                        323.519 ,                                        349.154 ,                                   33.65765 ,                                   34.23032 ,                                       119.268 ,                                       119.816 ,                                         81.892 ,
Xvg-iss-2-s-c4410643 ,VGISS_6214/DATA/C44106XX/C4410643_RAW.LBL ,Saturn Rings ,1981-08-29T12:16:46.280 ,     97.08  ,    0.72 ,                            106924.554 ,                            163171.571 ,                                        324.665 ,                                        351.462 ,                                   33.72969 ,                                   34.30526 ,                                       119.231 ,                                       119.78  ,                                         81.892 ,
Xvg-iss-2-s-c4410650 ,VGISS_6214/DATA/C44106XX/C4410650_RAW.LBL ,Saturn Rings ,1981-08-29T12:22:22.280 ,     97.117 ,    0.72 ,                            109317.289 ,                            164675.162 ,                                        325.866 ,                                        352.548 ,                                   33.77575 ,                                   34.35164 ,                                       119.22  ,                                       119.768 ,                                         81.892 ,

Xvg-iss-2-s-c4410733 ,VGISS_6214/DATA/C44107XX/C4410733_RAW.LBL ,Saturn Rings ,1981-08-29T12:56:45.560 ,     97.096 ,    1.44 ,                            114152.57  ,                            173559.519 ,                                        322.284 ,                                        347.017 ,                                   33.89157 ,                                   34.46729 ,                                       119.313 ,                                       119.861 ,                                         81.891 ,
Xvg-iss-2-s-c4410740 ,VGISS_6214/DATA/C44107XX/C4410740_RAW.LBL ,Saturn Rings ,1981-08-29T13:02:21.560 ,     97.105 ,    1.44 ,                            113404.55  ,                            171045.933 ,                                        324.234 ,                                        349.386 ,                                   33.97172 ,                                   34.54988 ,                                       119.268 ,                                       119.816 ,                                         81.891 ,
Xvg-iss-2-s-c4410747 ,VGISS_6214/DATA/C44107XX/C4410747_RAW.LBL ,Saturn Rings ,1981-08-29T13:07:57.560 ,     97.096 ,    1.44 ,                            112133.085 ,                            168402.368 ,                                        325.63  ,                                        351.709 ,                                   34.04348 ,                                   34.62389 ,                                       119.232 ,                                       119.78  ,                                         81.891 ,
